﻿<parameters>
  <parameter name="IIS Web Application Name" defaultValue="Default Web Site/StackExchange.DataExplorer_deploy" tags="IisApp">
    <parameterEntry kind="ProviderPath" scope="IisApp" match="^C:\\pcbb\\Queryportal\\App\\StackExchange\.DataExplorer\\obj\\Release\\Package\\PackageTmp$" />
    <parameterEntry kind="ProviderPath" scope="setAcl" match="^C:\\pcbb\\Queryportal\\App\\StackExchange\.DataExplorer\\obj\\Release\\Package\\PackageTmp$" />
  </parameter>
  <parameter name="AppConnection-Web.config Connection String" defaultValue="Data Source=.\SQLExpress;Initial Catalog=DataExplorer;Uid=Asheesh-PC\prateek;Pwd=qwerty123;Integrated Security=True;">
    <parameterEntry kind="XmlFile" scope="C:\\pcbb\\Queryportal\\App\\StackExchange\.DataExplorer\\obj\\Release\\Package\\PackageTmp\\Web\.config$" match="/configuration/connectionStrings/add[@name='AppConnection']/@connectionString" />
  </parameter>
  <parameter name="ReaderConnection-Web.config Connection String" defaultValue="server=127.0.0.1;Port=3306;Database=aca;Uid=root;password=root;">
    <parameterEntry kind="XmlFile" scope="C:\\pcbb\\Queryportal\\App\\StackExchange\.DataExplorer\\obj\\Release\\Package\\PackageTmp\\Web\.config$" match="/configuration/connectionStrings/add[@name='ReaderConnection']/@connectionString" />
  </parameter>
</parameters>